TotalTimeSpent,QuizzesAttempted,ForumPosts,AssignmentScore,CourseName_DL Advanced,CourseName_Data Prep,CourseName_ML Basics,CertificateEarned_Yes,DeviceType_Mobile,DeviceType_Tablet,EngagementScore
93.0,2,7,86.2,0,1,0,1,1,0,1.7910369747322163
78.2,7,3,83.9,0,0,1,0,1,0,1.3579884761512404
64.0,5,2,65.3,0,0,1,1,1,0,1.0353932069944154
21.7,5,6,50.2,0,1,0,0,1,0,1.1147776194726724
56.3,5,5,72.1,0,1,0,1,1,0,1.352537335210107
92.3,4,4,0.6,0,0,0,0,1,0,0.6540879623271995
82.5,5,3,59.2,0,0,0,0,0,0,1.122684787833013
27.8,1,1,84.7,0,1,0,0,0,1,1.0267266890964022
75.4,3,4,35.7,0,0,0,1,0,1,0.9547497825688914
73.2,3,1,10.8,0,1,0,1,0,0,0.4243922228325552
68.7,3,1,42.1,0,0,1,0,0,1,0.7255361679483658
59.3,9,5,72.7,0,0,1,1,1,0,1.3679546312826147
76.6,2,2,10.7,1,0,0,0,1,0,0.5249192643962282
77.4,3,4,20.6,0,0,1,0,0,1,0.8089353314107847
44.0,5,6,14.8,0,1,0,1,1,0,0.8279696511947267
71.4,4,3,79.7,0,0,0,0,1,0,1.2944424036436877
55.3,3,1,6.3,1,0,0,0,0,1,0.3231375022887485
22.8,3,3,68.7,0,0,0,1,0,0,1.0317919756477159
46.0,0,2,36.6,0,1,0,1,0,1,0.6901200448594709
20.9,2,4,75.6,0,0,1,0,0,1,1.1862499713906436
84.5,7,2,96.4,1,0,0,1,0,1,1.4126480534193904
68.9,4,5,11.5,0,1,0,0,0,1,0.7816404318868443
51.1,3,3,31.4,1,0,0,1,0,0,0.7446000698068296
95.5,11,4,81.0,1,0,0,0,0,0,1.4737556360432116
61.7,2,3,26.6,0,0,1,1,1,0,0.7293867012267692
24.2,6,3,21.5,0,1,0,0,1,0,0.560839684610455
49.0,11,0,82.5,0,0,0,0,0,1,0.9799125125881167
320.0,3,3,98.7,1,0,0,1,1,0,2.2626567792730934
43.3,5,0,55.7,1,0,0,1,0,0,0.6922107880161128
66.9,6,3,27.8,0,0,0,0,1,0,0.7577212933717843
78.6,4,5,39.9,0,1,0,0,1,0,1.0979549459855351
74.7,3,2,17.0,1,0,0,1,1,0,0.5824258731575574
121.2,10,0,76.2,1,0,0,0,0,1,1.1420934038267876
30.6,2,5,77.3,1,0,0,1,1,0,1.3245914011718392
33.1,4,3,87.5,0,1,0,1,0,0,1.2533047525862857
31.0,7,2,2.7,0,1,0,0,0,0,0.3018553167627941
52.6,6,3,56.2,0,0,0,0,0,0,0.9990358074704752
87.5,7,2,21.4,0,1,0,1,0,0,0.6667360443559461
34.2,5,3,34.1,0,1,0,0,1,0,0.7189779021331135
87.8,7,4,78.5,0,0,1,1,0,1,1.4245169024077633
60.9,1,1,19.2,0,0,0,0,0,0,0.4705468678476609
32.3,6,3,63.8,1,0,0,0,0,0,1.0121340577222373
16.2,5,2,65.5,0,1,0,0,0,1,0.8880323056852513
21.8,15,2,95.4,1,0,0,0,0,1,1.2066400599652112
55.8,3,3,80.4,0,0,1,0,0,0,1.252741749061613
93.7,2,3,53.2,0,1,0,0,0,1,1.0972618271079373
80.0,5,2,18.7,0,0,0,1,0,0,0.6161082120296622
39.0,7,1,42.6,0,1,0,0,0,0,0.6377589146754555
70.2,3,3,54.9,1,0,0,1,1,0,1.040944165980042
101.3,3,4,67.8,0,0,0,0,0,1,1.3589501224480454
106.8,4,4,60.8,0,1,0,1,1,0,1.3056441682687905
52.1,2,5,39.4,1,0,0,1,1,0,1.0101071992584456
84.0,3,5,26.5,1,0,0,1,0,1,0.979885333699533
94.7,5,2,16.8,0,0,1,0,1,0,0.6429117744667217
22.3,7,3,69.4,0,0,1,0,0,0,1.0372788210656414
47.2,5,3,64.5,0,0,1,1,1,0,1.065745903140163
115.5,7,2,68.7,1,0,0,1,0,1,1.230570384738625
52.5,2,2,37.3,0,1,0,1,0,0,0.7174818902773963
0.0,6,4,26.2,0,0,1,0,0,0,0.6234550947541884
57.0,4,1,76.0,0,1,0,0,0,0,1.0303633960450425
88.1,2,6,77.4,0,0,1,1,0,0,1.5961950414263482
60.2,6,1,45.6,0,0,0,1,1,0,0.7342203950379933
77.9,3,4,61.2,0,0,0,0,1,0,1.2193598656504623
83.5,3,2,37.4,0,0,1,1,0,0,0.8153639396228143
51.1,4,4,70.2,1,0,0,1,0,1,1.2262443067380757
47.0,4,3,83.6,0,0,1,1,0,0,1.2574673281149866
63.8,5,5,68.8,0,0,1,0,1,0,1.3427422068113155
64.4,4,5,51.3,1,0,0,0,0,0,1.1683835713631785
61.4,6,1,45.9,0,0,0,0,1,0,0.7409915430742471
62.4,4,4,64.2,0,1,0,1,0,0,1.201133846013
41.3,7,2,68.0,0,0,1,0,0,1,0.9916460393206995
78.8,9,3,55.9,1,0,0,1,0,0,1.0778896594342213
75.0,3,1,62.5,0,0,1,0,0,1,0.9506617344136227
26.6,4,4,9.7,1,0,0,0,0,1,0.5404169527602307
50.3,3,3,95.2,0,1,0,0,0,0,1.3845975521834661
62.3,4,4,79.1,0,1,0,1,0,1,1.350871698480271
46.6,5,4,37.4,0,0,0,1,0,1,0.881869621440996
75.9,2,4,56.3,1,0,0,0,1,0,1.163764447724984
58.3,5,3,4.7,1,0,0,0,1,0,0.4982178945802435
64.2,10,1,4.1,0,0,0,1,0,1,0.3287949166895542
50.0,5,5,25.1,0,0,0,0,0,0,0.8595366428636821
10.2,5,5,69.0,1,0,0,0,0,1,1.1772563055021514
8.7,7,4,85.2,0,0,0,0,0,0,1.2448017085507646
74.7,5,5,55.9,0,1,0,0,1,0,1.246895341252403
66.7,7,3,53.2,0,0,1,1,0,0,1.0128868271079374
71.0,3,2,40.2,0,1,0,1,0,1,0.8044988212945161
63.4,3,5,16.2,0,0,0,1,0,1,0.8117842511214868
65.4,6,6,11.8,1,0,0,0,0,1,0.8646331708321889
84.2,4,3,76.1,1,0,0,1,0,1,1.2981886272086423
71.1,4,0,92.8,0,1,0,0,0,1,1.152701095166163
86.0,2,3,45.8,1,0,0,1,0,0,0.9986776755470108
64.3,2,1,65.9,0,0,0,1,0,1,0.9514639121578322
64.9,4,1,9.0,1,0,0,1,0,1,0.3803278346150325
39.1,6,4,77.0,0,0,1,1,0,0,1.2572236622264945
50.5,4,2,61.7,0,0,1,0,0,1,0.9569519305593701
64.4,5,8,59.9,0,0,0,1,0,1,1.5277170877963928
64.1,4,7,29.3,1,0,0,1,0,0,1.1277133971894169
57.3,5,3,68.4,0,0,0,1,0,1,1.136583327611462
75.9,4,3,11.3,0,0,1,0,0,1,0.6196831513778266
80.9,2,0,53.4,0,1,0,0,1,0,0.7865486530715005
101.1,2,3,10.1,1,0,0,1,0,1,0.6863485592328115
60.0,6,4,50.8,0,0,0,0,1,0,1.058689233726998
34.7,4,1,80.8,0,0,0,0,0,0,1.009014264625103
97.3,3,3,36.8,0,1,0,1,0,1,0.9433557344593976
66.2,4,4,12.5,0,0,1,1,1,0,0.6923643344319327
64.8,3,4,4.1,0,1,0,0,0,0,0.6033971894168269
53.6,8,2,28.2,0,1,0,0,1,0,0.6292778998443651
52.1,4,5,24.4,1,0,0,1,1,0,0.8590497974457567
77.2,8,2,56.0,1,0,0,1,0,0,0.9829876178705484
34.5,4,4,2.2,1,0,0,1,1,0,0.4895757518538863
100.6,4,3,52.1,0,0,1,1,0,0,1.1077467843083402
95.2,1,3,39.2,0,0,1,0,1,0,0.9609624187494279
51.1,3,2,57.7,1,0,0,0,1,0,0.9185449567426531
38.4,8,2,70.2,1,0,0,0,1,0,1.0047386249198937
9.6,6,1,63.4,0,0,1,1,0,1,0.755350178522384
28.7,6,3,98.5,0,0,0,1,0,1,1.3503301805822576
78.2,9,5,13.8,0,0,1,1,0,0,0.8338650668314567
67.9,4,1,43.0,0,0,1,1,1,0,0.7320996120571271
72.3,3,2,42.5,0,0,1,0,0,0,0.8317234562391285
13.9,8,3,41.7,1,0,0,1,0,1,0.732076152384876
50.1,3,2,66.4,0,0,0,1,0,1,1.0030332497940126
94.2,2,3,49.0,0,0,1,1,0,1,1.0565282546003845
57.6,2,4,51.7,1,0,0,0,0,1,1.0602526778357595
28.2,7,1,43.2,0,1,0,0,0,0,0.6100512107479631
57.2,5,1,99.2,0,1,0,0,1,0,1.2646238441820015
40.7,6,3,92.8,0,0,1,1,0,0,1.3304283678934357
68.3,5,3,30.8,0,1,0,0,1,0,0.792307773734322
60.5,9,3,11.2,0,0,0,1,0,1,0.5705511020324087
320.0,4,2,84.0,0,1,0,1,1,0,2.0237114345875673
29.6,5,1,99.7,0,1,0,0,0,1,1.183409090909091
48.8,7,3,29.3,0,0,0,1,0,0,0.7162645335530531
87.3,3,5,35.8,0,0,1,0,1,0,1.0838534228234002
26.1,8,0,94.2,0,0,1,1,0,0,1.026174786002014
34.9,5,8,71.1,0,0,0,0,0,1,1.5483191144832005
67.2,2,1,58.1,0,0,0,0,0,1,0.8819765632152339
47.8,8,6,94.4,0,1,0,0,0,1,1.6414559301473954
53.0,9,0,81.2,0,0,0,0,0,1,0.9793208710976838
73.3,3,7,74.2,1,0,0,1,0,0,1.6086285532820654
81.2,4,1,73.7,0,1,0,0,0,0,1.0828262611004305
33.3,4,3,17.8,0,0,1,0,1,0,0.5520163588299918
69.1,4,1,82.5,0,0,1,1,1,0,1.1336341034972077
97.8,9,1,27.6,0,0,1,0,0,0,0.6704515128627667
33.0,6,8,36.5,1,0,0,0,0,0,1.1939425409685984
31.8,7,2,85.8,0,0,0,1,0,0,1.1412133228050902
56.0,11,6,26.6,0,0,0,0,0,1,0.9843014739540419
85.9,10,3,51.5,0,0,1,1,0,1,1.0557669882358327
59.0,7,3,10.7,0,0,1,1,0,1,0.560828355305319
64.7,4,5,66.0,0,1,0,0,0,0,1.3173573251396138
320.0,5,8,83.6,1,0,0,1,0,1,2.5651377826604413
84.6,4,3,71.8,0,0,0,0,0,1,1.2561355053556715
31.4,5,2,52.3,0,1,0,1,1,0,0.8026017920900852
47.4,6,2,4.5,0,0,0,1,1,0,0.3712322049803168
75.7,6,3,93.3,0,0,1,1,0,1,1.4448386146205254
9.0,0,6,70.5,0,0,0,0,0,1,1.279521136592511
64.3,4,3,74.6,1,0,0,0,0,1,1.2208953870273733
34.0,4,4,79.5,1,0,0,1,0,0,1.2664623958619428
60.4,7,4,74.8,0,0,1,1,1,0,1.3016310766273
51.2,9,3,44.1,1,0,0,1,1,0,0.8728078366749061
112.6,3,4,73.4,1,0,0,0,1,0,1.4506573857914493
50.2,3,5,62.5,0,1,0,1,0,1,1.2367980980499862
106.1,4,6,85.4,0,0,0,0,0,0,1.733008989059782
74.7,3,3,80.2,0,0,1,0,1,0,1.3097901503707772
40.0,5,4,4.1,0,0,1,0,1,0,0.5258971894168268
68.3,7,6,37.9,0,0,1,0,0,0,1.1365355499862675
52.4,2,2,3.5,0,0,1,0,0,1,0.3767867115261375
66.1,8,8,10.2,0,0,1,1,0,1,1.032526063123684
42.2,5,3,60.1,1,0,0,0,1,0,1.0058107319417742
102.3,6,1,87.4,0,1,0,0,1,0,1.2867295214226862
83.1,4,4,12.0,0,0,1,1,0,0,0.740141587704843
60.8,5,4,45.1,0,1,0,0,1,0,1.0037874210381763
103.2,9,1,91.1,0,1,0,1,0,0,1.3268028472031492
61.9,3,1,81.4,1,0,0,1,1,0,1.1000565606976107
87.4,4,5,52.0,0,0,1,1,1,0,1.247307916781104
61.0,5,4,77.2,1,0,0,0,1,0,1.3276752609173306
69.8,4,3,52.3,0,0,1,0,0,1,1.0135108829991761
58.0,3,2,15.8,1,0,0,0,0,0,0.5181537810125424
62.4,9,1,12.5,0,1,0,1,0,0,0.4077620617046599
64.3,4,5,18.8,0,0,1,0,0,1,0.8407800341023528
43.3,5,5,35.1,0,0,0,1,0,1,0.9393040774054746
50.0,4,2,93.1,0,1,0,0,0,1,1.2716029250205987
54.6,5,4,80.0,0,0,0,1,0,0,1.3358726425890324
65.7,5,6,43.3,0,1,0,1,1,0,1.1827912146388355
59.2,9,2,49.3,1,0,0,1,0,1,0.8592653117275473
89.3,5,4,26.6,0,0,1,0,0,1,0.9065457921358602
55.1,5,4,80.3,1,0,0,0,1,0,1.3404562906252862
94.5,2,5,23.9,0,0,1,0,1,0,0.9865145507186671
106.8,3,0,4.2,0,0,1,0,0,1,0.37201787512588114
8.9,2,4,62.4,0,1,0,0,1,0,1.0158194577954776
83.3,5,1,56.3,0,0,1,0,0,1,0.9141621749977112
42.7,3,1,40.2,0,1,0,1,1,0,0.6251522303854253
80.0,3,3,64.4,0,0,1,1,0,0,1.167238853794745
91.0,6,2,55.1,0,0,0,0,0,0,1.017049173761787
38.1,6,1,25.1,1,0,0,0,1,0,0.45871277922731857
13.7,6,2,39.8,0,0,0,1,0,0,0.6214081239128444
80.9,5,2,42.8,0,1,0,0,0,0,0.8616196042753823
63.4,4,4,88.0,0,0,0,0,0,0,1.4439365902224663
18.3,2,5,96.1,0,1,0,1,0,1,1.475479178110409
123.2,6,3,89.3,0,0,1,0,1,0,1.5529941408038086
75.6,5,3,71.9,0,0,1,0,1,0,1.2290175547010893
76.8,4,1,58.5,0,1,0,0,1,0,0.9160047605969056
94.1,4,0,68.9,0,0,0,1,0,0,0.983891301611279
45.5,4,3,93.9,0,0,1,0,0,1,1.356505910693033
63.3,7,7,25.0,1,0,0,0,1,0,1.081910275336446
27.0,4,1,53.5,0,0,1,0,0,0,0.7100272933260093
44.8,5,8,69.0,1,0,0,0,0,1,1.5581085782294242
69.6,4,4,67.9,0,0,0,1,0,1,1.2608946717934635
18.4,3,5,25.2,1,0,0,0,1,0,0.7617936922091001
44.1,6,3,58.7,1,0,0,1,1,0,0.9976495411059233
36.8,7,4,79.6,1,0,0,0,0,0,1.2762194452073605
63.6,8,4,47.5,1,0,0,0,1,0,1.0367066053282066
74.4,3,3,79.3,0,0,1,0,0,0,1.299789206262016
78.6,3,4,36.0,1,0,0,0,0,1,0.9677709306051451
320.0,6,4,93.9,0,0,1,0,0,1,2.305227501602124
94.3,3,4,53.4,1,0,0,1,0,1,1.192060016707864
75.2,3,3,59.6,0,1,0,0,0,1,1.1039004852146845
107.2,3,7,3.1,0,0,0,1,1,0,0.9985539686899204
63.0,4,3,17.0,1,0,0,0,1,0,0.6367724640666483
55.7,4,1,63.3,0,1,0,1,0,0,0.8984056291769661
75.2,1,5,42.0,1,0,0,0,0,0,1.1084779822393116
54.6,5,3,50.8,1,0,0,0,0,0,0.9509051428179072
106.3,10,4,6.3,1,0,0,0,0,0,0.7552397750160212
88.3,4,3,83.4,0,1,0,1,0,0,1.3845157294241508
78.8,9,3,78.5,0,0,0,0,0,1,1.3054828114986725
63.3,2,4,18.5,0,1,0,0,0,1,0.7437247951570082
49.8,5,0,63.4,0,0,0,0,0,1,0.790066087613293
77.5,9,3,81.8,1,0,0,0,0,0,1.334652939897464
31.8,8,5,64.1,0,0,1,0,0,1,1.195410887576673
98.4,2,3,31.0,1,0,0,0,0,1,0.888384372425158
67.6,3,2,21.0,0,1,0,0,0,1,0.6005203469742745
37.3,4,4,31.8,1,0,0,0,1,0,0.7964123580975923
78.1,2,5,24.0,0,1,0,0,0,0,0.9362716000640849
48.7,6,6,55.7,0,1,0,1,0,0,1.2545403334706582
76.2,2,4,10.8,0,1,0,0,1,0,0.7064944955598279
78.9,6,3,93.3,1,0,0,0,0,1,1.4548386146205254
43.8,5,7,33.4,0,1,0,1,0,1,1.1055649203515516
31.9,6,2,21.9,0,1,0,0,0,1,0.4980212910830358
98.3,4,2,49.7,1,0,0,1,0,0,0.9854810091092191
55.2,3,3,27.7,0,1,0,1,0,0,0.7201517440263663
65.6,3,2,53.5,1,0,0,0,0,0,0.9215613842351003
72.1,2,3,34.9,0,0,0,0,0,0,0.845471796896457
28.7,7,2,13.2,0,0,0,1,0,0,0.40040799803167626
62.5,7,3,43.8,0,1,0,0,0,0,0.9050991886386524
43.9,3,6,3.0,0,0,1,0,0,1,0.7088253284354115
31.1,4,2,77.1,0,0,1,0,0,0,1.0514125297537307
75.1,4,7,62.2,0,1,0,0,1,0,1.4934076318319143
88.2,6,3,60.1,0,0,1,0,0,1,1.1495607319417742
64.5,4,4,54.6,1,0,0,1,1,0,1.1110196088528792
24.1,2,1,59.0,0,0,1,0,0,1,0.7563525073239953
33.6,5,0,93.5,0,1,0,0,0,0,1.0425629405840886
49.2,5,3,0.9,0,1,0,0,1,0,0.43151251945436236
99.1,4,4,4.8,1,0,0,1,0,1,0.7176340348347524
53.8,6,2,19.1,0,0,0,0,0,0,0.5382614094113339
48.3,5,3,16.7,0,1,0,1,0,1,0.5878138160303945
18.2,2,6,18.1,1,0,0,0,1,0,0.7805772795935182
43.6,4,3,67.2,0,0,1,1,1,0,1.081686235466447
29.2,4,2,45.9,0,0,1,0,1,0,0.731275633983338
34.9,6,1,99.2,1,0,0,0,1,0,1.1949363441820013
63.0,6,3,22.7,1,0,0,0,0,0,0.6941742767554702
50.0,6,4,31.1,0,1,0,1,0,1,0.8290505126796668
102.5,5,3,98.4,0,0,1,1,0,0,1.5799481312368397
87.0,6,2,83.2,1,0,0,1,1,0,1.2875300398242242
44.8,4,3,47.0,0,0,1,1,0,1,0.882012267692026
37.1,8,0,55.5,1,0,0,0,1,0,0.670821689325277
94.6,6,2,84.3,0,0,1,1,0,0,1.3223575826238212
101.5,2,6,48.1,0,0,0,0,0,0,1.343004583218896
5.1,5,2,20.6,0,1,0,1,0,0,0.40117964959260277
62.3,5,3,82.8,0,0,1,0,0,1,1.2972234333516433
53.7,9,5,53.8,0,0,0,0,0,1,1.1601223049986267
76.2,7,3,15.3,0,0,1,1,1,0,0.6609026251945436
108.6,3,3,50.6,0,0,1,0,0,1,1.1176410441270712
47.9,9,2,41.3,0,0,0,1,0,1,0.7433888640941133
8.5,6,3,87.7,0,0,1,1,0,0,1.1784438512771216
74.5,3,0,12.6,0,0,1,0,1,0,0.35567252014098694
94.7,8,2,87.5,0,1,0,0,0,0,1.3548956616771948
52.4,4,1,51.2,0,0,0,0,1,0,0.766240158381397
42.4,7,1,40.4,0,0,0,0,1,0,0.6262288290762611
49.1,10,3,16.2,1,0,0,0,0,1,0.5852785693033049
81.3,6,7,70.1,0,0,1,0,0,0,1.5923395301199303
48.6,6,3,92.7,0,1,0,0,0,1,1.354108818548018
68.2,3,2,37.5,0,0,1,0,0,1,0.7685584889682322
60.7,4,2,24.2,0,0,1,1,0,1,0.6111834260276481
58.1,2,3,55.5,1,0,0,1,1,0,1.0091739620525497
77.5,6,6,79.6,0,0,1,0,0,0,1.5852251270255424
48.0,6,3,0.4,0,1,0,0,0,0,0.42272727272727273
49.2,5,2,63.1,0,1,0,1,0,1,0.9669881213952211
79.9,5,3,59.7,1,0,0,0,1,0,1.1195950345601027
35.3,5,6,31.8,0,0,1,1,0,0,0.971980539915774
38.0,5,1,45.1,0,1,0,0,0,0,0.6598101483109036
320.0,5,2,24.7,0,0,1,1,0,1,1.4265311727547378
81.2,2,5,79.0,0,0,1,0,1,0,1.499836240043944
57.4,3,4,63.5,0,0,1,0,0,1,1.1784595005950744
27.2,1,2,53.3,1,0,0,1,0,0,0.7995472855442644
81.3,3,2,39.3,0,0,1,0,1,0,0.8276228771857548
46.1,3,3,29.1,0,1,0,0,0,1,0.7058129348622173
38.2,5,3,82.3,0,0,1,1,0,0,1.2168756866245536
55.1,6,3,45.1,0,1,0,1,0,1,0.8950658301290855
97.0,5,6,50.1,0,0,1,1,0,1,1.3490830701272545
50.1,4,0,52.1,0,1,0,0,0,1,0.6772070115810676
74.4,5,4,44.8,0,1,0,0,1,0,1.0432662730019224
78.2,6,1,25.6,0,0,1,1,0,0,0.5890605259544082
71.1,3,4,12.0,0,0,1,0,0,0,0.702641587704843
91.8,1,1,9.9,0,1,0,1,0,0,0.47345377872379385
42.3,3,1,75.7,0,0,0,0,0,0,0.9814047480087889
33.9,5,3,22.4,1,0,0,1,1,0,0.6002156287192163
33.4,5,2,5.6,0,0,0,0,0,1,0.33855974777991393
56.4,4,0,79.8,0,0,0,0,0,0,0.9758471802618328
36.3,3,2,15.4,0,0,1,0,1,0,0.44631308363087063
63.7,5,3,62.5,1,0,0,0,0,1,1.0971674162318044
61.9,4,3,33.9,0,0,0,0,1,0,0.8035263034422777
85.5,5,2,12.6,0,0,1,1,1,0,0.5718657019591687
67.3,9,10,41.4,0,0,0,0,0,0,1.5322936407122587
70.3,6,2,84.1,0,0,1,0,0,1,1.2444059839329853
34.2,3,2,51.3,0,0,1,0,0,1,0.8012812986359058
59.0,8,3,13.9,0,0,1,0,0,0,0.5930539343586927
68.0,5,3,23.7,1,0,0,0,1,0,0.7198697702096494
70.4,3,0,18.9,0,0,1,0,0,1,0.40630412890231626
43.9,5,0,26.9,0,1,0,0,1,0,0.4040555765357502
88.8,2,4,53.4,0,0,0,0,1,0,1.1748725167078642
105.6,4,2,83.3,0,1,0,0,1,0,1.3466620891696421
19.9,8,4,40.2,1,0,0,0,0,0,0.826629503112698
29.6,4,2,71.7,0,0,1,1,0,0,0.9923443651011628
61.1,6,1,87.7,0,1,0,0,0,1,1.1610006694589399
53.6,8,2,21.6,1,0,0,0,1,0,0.5628126430467821
107.4,2,2,80.7,0,0,1,0,1,0,1.326103806188776
65.5,3,4,75.7,0,1,0,1,0,0,1.3266320207360616
94.8,7,2,35.7,0,1,0,1,0,1,0.8335566007507096
8.8,4,3,99.0,1,0,0,1,0,1,1.2931779273093473
320.0,8,0,26.3,0,0,1,0,1,0,1.2608257804632428
42.1,4,2,25.5,0,0,1,0,0,0,0.5661500675180811
41.7,4,1,77.2,0,1,0,1,1,0,0.9946354881900576
53.8,4,5,43.5,0,1,0,0,0,0,1.0567087224205804
24.4,6,4,33.1,0,1,0,0,0,1,0.7691914995880254
71.1,7,6,17.9,0,0,1,0,1,0,0.9438756809026824
64.8,2,3,76.5,1,0,0,1,1,0,1.241591824590314
66.7,5,11,78.6,1,0,0,0,1,0,1.9959500881168177
82.2,5,1,56.7,0,0,1,1,0,1,0.914752872379383
97.9,5,1,95.7,0,0,0,0,1,0,1.356564617092374
50.9,4,2,31.8,1,0,0,1,0,1,0.6570941762794105
71.9,6,4,22.0,0,1,0,0,0,0,0.8058465222466356
67.3,4,2,67.7,0,0,0,0,0,1,1.0698748912844458
69.4,5,2,75.8,0,0,0,1,0,0,1.1580083882632977
69.8,4,2,22.5,1,0,0,1,0,1,0.6225010871555434
99.8,3,3,7.7,0,0,0,0,0,1,0.6581168749427813
21.9,4,0,97.7,1,0,0,0,0,1,1.0482965130916415
42.6,3,1,64.5,1,0,0,1,1,0,0.8695527213219811
78.9,7,3,27.8,0,0,0,1,0,0,0.7952212933717844
60.6,7,7,99.7,0,1,0,0,0,0,1.8257386363636365
48.3,6,4,89.3,0,0,1,1,1,0,1.4098407317128996
320.0,5,6,51.3,0,0,0,0,0,0,2.0580426622722694
65.5,4,5,82.5,0,0,0,1,0,1,1.4860204671335713
76.1,4,2,81.6,0,1,0,0,1,0,1.2373547502975373
67.6,7,3,93.5,0,0,0,1,1,0,1.4215402133113613
53.7,6,5,84.1,0,0,0,1,1,0,1.4652582566602583
63.7,3,5,64.4,0,0,1,0,0,0,1.298119535612927
63.5,4,3,60.9,0,0,1,0,0,0,1.0804296267051177
64.7,4,4,46.7,0,0,1,1,0,1,1.0320877105648631
30.4,4,3,62.6,1,0,0,1,0,1,0.9941119655772224
64.9,7,0,79.5,1,0,0,1,1,0,0.9993885322255791
49.0,6,7,96.9,0,0,1,0,0,1,1.7612912546919346
86.0,7,2,46.7,0,0,1,0,0,0,0.9168320287466813
63.3,3,5,57.4,1,0,0,1,0,1,1.226376081433672
80.9,5,1,44.5,0,1,0,0,0,0,0.787830352238396
52.5,5,1,66.8,0,0,0,0,0,1,0.9236523562665935
53.4,4,1,63.0,0,0,0,0,0,0,0.8881969811407123
97.4,5,3,1.8,0,0,1,0,0,0,0.5912009635631237
70.9,2,3,54.1,0,1,0,1,0,1,1.0350752712166988
42.1,6,1,8.8,1,0,0,1,0,1,0.30706373592419667
82.4,2,3,2.6,0,0,1,1,0,0,0.5523823583264671
46.7,3,3,79.1,0,1,0,0,1,0,1.2112126075711802
65.6,3,7,25.9,0,1,0,0,0,1,1.0981612194452073
105.9,5,4,34.1,0,1,0,0,0,0,1.0339494930422046
24.2,0,3,6.4,1,0,0,1,0,1,0.40877523345234823
55.6,9,3,18.0,1,0,0,0,0,1,0.6237179575208276
70.2,4,1,76.6,0,0,0,1,0,1,1.07765569211755
79.1,2,5,49.4,0,0,0,1,0,1,1.195187133800238
29.0,5,2,88.1,0,1,0,0,0,1,1.1556254577497023
21.6,3,2,39.7,0,1,0,1,1,0,0.6450885745674266
87.3,2,2,26.9,1,0,0,1,1,0,0.7214987583539321
42.0,5,5,34.8,0,0,0,0,1,0,0.9322204293692209
40.9,5,2,71.3,0,1,0,1,0,0,1.023628667719491
98.8,3,1,55.5,0,0,0,1,1,0,0.9545432802343679
61.7,4,7,90.4,0,0,0,1,1,0,1.7355205472397692
61.9,2,6,60.2,0,1,0,0,0,0,1.341107554014465
29.4,13,2,78.6,0,1,0,1,0,1,1.0612057699349995
76.9,4,3,94.8,0,1,0,0,1,0,1.4636943548017944
70.2,3,4,35.6,0,0,0,1,1,0,0.9374927332234735
64.2,9,2,25.0,0,1,0,0,1,0,0.6301773207909915
57.1,2,2,61.6,1,0,0,0,0,1,0.9765698812139523
52.7,4,2,49.9,0,1,0,0,0,1,0.8449951078000549
82.8,7,4,98.9,1,0,0,0,0,1,1.6143299688730202
56.5,3,5,46.2,1,0,0,0,0,1,1.0923365547468644
58.4,4,3,7.4,0,0,0,0,0,0,0.5257207269065275
73.2,7,3,97.7,0,0,1,0,0,1,1.481336285818914
65.2,3,2,84.4,0,0,1,0,0,1,1.2314896319692394
101.1,8,5,17.8,0,0,0,1,0,1,0.9457095406481736
16.0,6,2,90.5,0,1,0,1,0,1,1.1391696420397328
67.5,6,3,34.1,0,0,0,1,0,0,0.8230404021331136
42.4,8,3,37.7,1,0,0,1,1,0,0.780856678568159
36.4,3,2,90.6,0,0,1,0,1,0,1.2039266913851505
48.6,6,1,53.0,0,0,0,0,0,1,0.7724920465989197
61.4,5,1,13.8,0,1,0,0,0,1,0.417728703195093
62.5,8,4,36.9,0,0,0,1,0,1,0.9265218747139063
22.1,10,1,72.2,0,0,1,1,1,0,0.8830330209191615
46.5,2,3,17.4,0,0,0,0,1,0,0.58923816144832
67.0,4,2,59.0,0,0,0,1,0,1,0.9813240982330862
38.1,6,1,69.5,0,0,1,1,1,0,0.9058426885928774
32.1,4,6,34.4,1,0,0,0,0,0,0.9881638228966401
3.6,6,2,69.4,1,0,0,0,0,1,0.8879322301565505
43.4,4,4,88.4,0,0,1,0,0,1,1.3854647876041382
31.3,7,4,47.2,0,0,0,0,0,0,0.9327479572919528
35.4,5,7,38.3,0,0,1,0,0,0,1.12866033827703
53.2,1,2,25.1,1,0,0,0,1,0,0.5968093701364094
45.0,4,8,60.4,0,1,0,0,0,0,1.4721273345234827
30.8,12,3,88.0,0,0,0,1,0,1,1.2511524993133754
7.1,10,4,32.5,1,0,0,0,1,0,0.7090867035155177
67.6,4,4,39.6,0,0,0,1,0,0,0.9696497070401905
78.8,3,5,40.7,0,0,1,1,1,0,1.1066363407488786
50.1,6,1,56.1,0,1,0,0,1,0,0.8083980763068754
53.4,6,3,22.8,0,0,1,0,1,0,0.665181326100888
60.1,5,2,82.2,0,1,0,0,1,0,1.1933970463700447
99.5,2,1,29.6,0,0,0,0,0,0,0.6959049997711252
20.8,9,2,70.5,0,0,0,0,0,1,0.9527597729561476
49.6,6,3,51.3,0,0,1,0,0,1,0.9403153895449967
17.0,4,7,58.6,0,1,0,0,0,0,1.275591355396869
69.1,6,4,18.0,0,1,0,1,0,1,0.7568145484299185
56.4,8,1,73.5,0,0,0,1,1,0,1.0033121624095944
65.1,2,1,18.9,0,0,1,0,1,0,0.48065071981140706
63.8,2,1,11.3,0,1,0,1,1,0,0.4000524695596448
320.0,6,4,54.7,0,0,0,0,0,0,1.9104641581982973
73.5,6,6,70.9,1,0,0,0,1,0,1.485111833974183
80.8,4,6,5.0,0,0,1,0,1,0,0.8442788153437699
33.4,9,0,6.9,1,0,0,0,0,0,0.16983320745216515
41.9,5,3,80.9,0,0,0,1,1,0,1.2143394957887028
43.4,8,4,24.5,0,1,0,1,0,1,0.7419602558820837
66.8,5,2,61.5,0,1,0,1,0,0,1.0058753318685343
67.5,5,2,44.3,0,1,0,0,1,0,0.8348503444566511
33.2,7,2,63.3,0,0,1,1,1,0,0.919002220086057
55.7,4,0,86.3,0,0,0,0,1,0,1.039117887713998
320.0,6,6,8.0,1,0,0,0,1,0,1.6219902957063077
23.3,5,4,77.8,0,0,0,1,0,1,1.215905056989838
97.1,6,3,49.3,1,0,0,1,0,1,1.0686119026366383
54.0,5,3,56.4,0,0,1,0,0,1,1.005424906161311
1.6,5,1,65.4,0,0,1,0,0,1,0.7504911654307426
25.8,4,5,92.3,1,0,0,0,0,0,1.4606488029845281
35.9,4,3,5.7,1,0,0,0,1,0,0.43828838803442277
44.4,5,4,2.9,1,0,0,0,0,1,0.5275625972718119
57.4,3,2,17.8,0,0,0,0,1,0,0.5364197679209008
0.0,5,0,98.6,1,0,0,0,0,0,0.9889224572004027
64.7,7,1,71.5,0,0,1,0,1,0,1.009108675501236
33.6,3,1,61.5,0,0,1,1,1,0,0.8112162409594433
94.8,0,4,4.7,0,1,0,0,0,1,0.7031894854893345
53.2,5,0,87.9,1,0,0,1,0,1,1.0474181772406848
83.6,4,2,81.3,0,0,0,1,0,0,1.2577711022612834
87.8,1,3,66.5,0,0,0,1,1,0,1.2127618900485215
87.1,5,3,33.9,0,0,0,0,0,1,0.8822763034422778
45.8,5,3,7.1,0,1,0,1,0,1,0.4833245788702737
45.5,3,1,58.0,0,0,1,1,0,1,0.8131570138698159
54.4,1,2,72.0,0,0,0,0,0,0,1.0728655131374163
75.9,5,3,9.4,0,0,1,0,1,0,0.600549213814886
320.0,5,4,28.6,1,0,0,0,1,0,1.6476242790442188
66.8,5,1,76.4,1,0,0,0,0,0,1.0650165934267144
37.4,7,0,54.0,1,0,0,0,1,0,0.6566534491440081
35.8,4,3,12.9,0,0,0,1,0,1,0.5104834409045134
56.0,1,4,52.7,1,0,0,0,1,0,1.0653231712899387
59.4,5,0,39.6,0,0,0,0,1,0,0.5803883434038268
70.8,7,1,18.0,0,1,0,0,0,0,0.48939977570264576
76.8,3,4,84.2,0,1,0,0,0,0,1.447543715096585
32.5,3,2,1.1,0,0,0,0,1,0,0.2904300272361073
39.7,9,5,31.2,0,0,1,0,1,0,0.8887791529341755
35.7,1,5,1.3,1,0,0,1,1,0,0.575171398654216
95.3,6,4,9.6,1,0,0,0,0,0,0.7540974034148127
57.0,6,2,29.7,1,0,0,0,0,0,0.6550086400256341
60.4,5,5,5.4,0,0,0,0,1,0,0.6936479218163508
61.4,4,6,59.7,0,1,0,0,0,0,1.3345098072873753
42.1,7,1,8.7,1,0,0,1,0,1,0.3060566865787787
99.1,7,2,70.2,0,1,0,1,0,0,1.1944261249198938
70.3,6,2,5.3,1,0,0,1,0,0,0.45085109974366017
61.0,5,2,5.9,1,0,0,0,0,0,0.42783089581616773
32.4,3,3,30.5,0,0,0,0,0,1,0.6770991256980683
31.0,5,1,89.7,0,0,1,1,0,1,1.0870791563672983
52.3,3,4,64.1,0,0,0,1,0,1,1.168564296667582
42.5,1,2,77.0,1,0,0,0,1,0,1.0860304804083127
33.3,2,0,14.2,1,0,0,1,1,0,0.2430353096676737
50.7,6,1,83.4,0,0,1,0,0,1,1.085197547605969
54.6,4,5,0.8,0,1,0,1,1,0,0.6291986519271263
